City,Region,Population
Калининград,Калининградская область,498 260
Чебоксары,Чувашская Республика,497 920
Липецк,Липецкая область,496 447
Тула,Тульская область,461 245
Ставрополь,Ставропольский край,458 233
Курск,Курская область,447 387
Улан-Удэ,Республика Бурятия,436 406
Сочи,Краснодарский край,433 562
Тверь,Тверская область,424 912
Магнитогорск,Челябинская область,411 984
Иваново,Ивановская область,399 983
Брянск,Брянская область,396 343
Сургут,Ханты-Мансийский автономный округ - Югра,395 940
Белгород,Белгородская область,391 804
Чита,Забайкальский край,350 047
Владимир,Владимирская область,348 663
Архангельск,Архангельская область,342 164
Якутск,Республика Саха (Якутия),341 221
Нижний Тагил,Свердловская область,340 690
Калуга,Калужская область,335 599
Симферополь,Республика Крым,334 856
Грозный,Чеченская Республика,326 439
Волжский,Волгоградская область,321 427
Саранск,Республика Мордовия,317 681
Смоленск,Смоленская область,317 170
Подольск,Московская область,309 652
Череповец,Вологодская область,309 429
Вологда,Вологодская область,306 593
Курган,Курганская область,304 727
Владикавказ,Республика Северная Осетия - Алания,298 841
Орел,Орловская область,298 172
Тамбов,Тамбовская область,287 407
Петрозаводск,Республика Карелия,280 890
Нижневартовск,Ханты-Мансийский автономный округ - Югра,280 834
Йошкар-Ола,Республика Марий Эл,279 399
Мурманск,Мурманская область,279 064
Новороссийск,Краснодарский край,277 185
Кострома,Костромская область,277 021
Стерлитамак,Республика Башкортостан,275 022
Мытищи,Московская область,262 702
Химки,Московская область,256 319
